title,link,image
"암 찾아가는 박테리아가 빛 밝혀 암세포 정밀하게 찾는다","https://n.news.naver.com/article/584/0000032894",""
"연세암병원, 국내 유일 중입자치료기 하반기 '풀 가동'","https://n.news.naver.com/article/584/0000032890",""
"항우연 노조 우주항공청 사천→세종 이전하고 '우주항공처' 승격해야","https://n.news.naver.com/article/584/0000032891",""
"형질전환 초파리 연구자료도 피해…이란, 이스라엘 와이즈만연구소 공격","https://n.news.naver.com/article/584/0000032893",""
"대통령실, 北공병 러시아 파견에 “우려할 일…지지안해”","https://n.news.naver.com/article/005/0001783937",""
"연봉 2.2억에 사택·휴가비까지…‘신의 직장’ 어디","https://n.news.naver.com/article/005/0001783912",""
"업무비 빼돌려 해외여행?… 서울시, 직원 2명 고발","https://n.news.naver.com/article/005/0001783947",""
"[속보] CNN “트럼프,‘미군 동원 이란 핵시설 타격’ 고민”…80분간 안보회의","https://n.news.naver.com/article/005/0001783894",""
"경향신문 트럼프 테헤란 소개령… 추가적 테헤란 공습 초읽기","https://n.news.naver.com/article/006/0000130487",""
"독립언론의 유력 외신 지국장 인터뷰 비결","https://n.news.naver.com/article/006/0000130484",""
"한준호 박선원 주진우 70억 아들 8억 어떻게 모았나 본인 답변은","https://n.news.naver.com/article/006/0000130492",""
"언론사 단전·단수 의혹 이상민, 소방청장에 신중하게 해야 한다","https://n.news.naver.com/article/006/0000130491",""
"영상 이 대통령, G7 정상외교 마무리…첫 한일회담서 한미일 공조","https://n.news.naver.com/article/422/0000750681",""
"당정 추경 1·2차 35조원 근접…전국민 민생회복 지원금 반영","https://n.news.naver.com/article/422/0000750674",""
"누군가 폭행해 진돗개 안와골절…경찰, 동물학대 수사","https://n.news.naver.com/article/422/0000750714",""
"무심코 꽁초 튕겼다가…상가 36곳 피해 준 50대 벌금형","https://n.news.naver.com/article/422/0000750683",""
"당정 추경 1·2차 35조 원 근접…전 국민 민생회복지원금","https://n.news.naver.com/article/448/0000535851",""
"[티조 Clip] 김혜경 여사, 첫 단독 일정…캘거리 한인회관 방문","https://n.news.naver.com/article/448/0000535890",""
"김민석 정치검찰-지라시 협잡카르텔 투서 의혹 반박","https://n.news.naver.com/article/448/0000535876",""
"윤동한 한국콜마 회장, 장남에 주식 반환 소송","https://n.news.naver.com/article/448/0000535884",""
"부산 노인복지관서 노인이 다른 노인들 흉기로 공격(종합)","https://n.news.naver.com/article/658/0000110739",""
"나경원 “김용태 정당성 부족”…金 “선배 의원께서 개혁안 제언해달라”","https://n.news.naver.com/article/658/0000110740",""
"당정 “민생회복지원금 전국민 보편 지급·취약층 추가”","https://n.news.naver.com/article/658/0000110725",""
"‘한일정상 자리뒤 엇갈린 국기’ 까닭은…“관례따라 日총리에 상석배려”","https://n.news.naver.com/article/658/0000110733",""
"김민석 총리 후보자 인사청문회, 24∼25일 이틀간 실시","https://n.news.naver.com/article/053/0000050646",""
"김혜경 여사, 캐나다 교민 간담회서 첫 영부인 행보","https://n.news.naver.com/article/053/0000050645",""
"국힘 차기 당대표는?... 김문수 20.3%, 한동훈 16.3% [한길리서치]","https://n.news.naver.com/article/053/0000050648",""
"정성국 한동훈에게 대표 출마하지 말라는 이야기 많아","https://n.news.naver.com/article/053/0000050649",""
"민주당 대구시당 '이재명 공개 비난에 이준석 지지 선언' 육정미 대구시의원 탈당하라","https://n.news.naver.com/article/657/0000039612",""
"당정 민생 회복 지원금 전 국민에 지원···추경 예산 총 35조 원 근접","https://n.news.naver.com/article/657/0000039601",""
"검찰, 김건희 '주가조작 인지' 육성 녹음 확보···특검 본격 출범 전 소환하나?","https://n.news.naver.com/article/657/0000039598",""
"김민석 연민으로 천만 원씩 빌려준 분 절절히 고맙다···표적 사정으로 시작된 경제적 고통 상상 초월하는 수준","https://n.news.naver.com/article/657/0000039582",""
"이란 최고지도자 이스라엘에 자비 없을 것…전투 시작됐다","https://n.news.naver.com/article/123/0002361641",""
"‘세번째 IPO 도전’ 케이뱅크, 상장주관사 NH투자·삼성증권 선정","https://n.news.naver.com/article/123/0002361644",""
"한국산 선박 美 수출 막은 '존스법', 美 의회서 폐지 법안 발의","https://n.news.naver.com/article/123/0002361642",""
"콜마 창업주, 장남에 증여지분 반환 소송…父子 간 경영권 갈등 본격화","https://n.news.naver.com/article/123/0002361643",""
"검은 다이아몬드?…캐나다 검은 빙산의 정체는","https://n.news.naver.com/article/092/0002378592",""
"전국민 지역화폐 지급…기본소득 수혜 기업은","https://n.news.naver.com/article/092/0002378507",""
"예스24, 해킹 2차 보상안 발표…전 회원에 5천원 상품권 지급","https://n.news.naver.com/article/092/0002378532",""
"[영상] 자동차 사이로 슝~…오토바이처럼 기울어지는 사륜차 화제","https://n.news.naver.com/article/092/0002378627",""
"[단독] 무혐의 결론 났지만…볼링 ‘국대 선발전 점수 조작 논란’에 시끌","https://n.news.naver.com/article/081/0003550258",""
"“김건희 여사 우울증 맞다…특검 출범 잘 됐다고 해” 서정욱 변호사 주장","https://n.news.naver.com/article/081/0003550256",""
"새벽 3시 또 깼나요?…딱 ‘이것’만 챙겨 먹으면 그날 밤 ‘꿀잠’","https://n.news.naver.com/article/081/0003550275",""
"이 건전지가 더 오래간다고?…“새빨간 거짓말” 자존심 제대로 긁혔다","https://n.news.naver.com/article/081/0003550294",""
"Lee, Ishiba stress closer ties in first summit","https://n.news.naver.com/article/044/0000271284",""
"First lady receives warm welcome during meeting with overseas Koreans","https://n.news.naver.com/article/044/0000271278",""
"Lee reaffirms support for UN's contribution to world peace","https://n.news.naver.com/article/044/0000271277",""
"LG Display to invest W1.26tr in OLED push for growth","https://n.news.naver.com/article/044/0000271272",""
"국정기획위 정부 출범부터 '제2의 IMF' 수준…중소·자영업 대책 주문","https://n.news.naver.com/article/629/0000399512",""
"대통령실 민주 한국 돌아왔다는 메시지 분명히 각인 평가","https://n.news.naver.com/article/629/0000399486",""
"한준호 野주진우 '05년생' 아들 7억 예금…20세에 무슨 수로?","https://n.news.naver.com/article/629/0000399439",""
"관세 충격에 중동發 리스크 '겹악재'…한은, 7월 금리 숨고르기 나설까","https://n.news.naver.com/article/629/0000399489",""
"“하루에 ‘이것’ 한 알로 4년 젊어진다고?”","https://n.news.naver.com/article/022/0004044433",""
"“딸 볼모로 잡혀…전 매일 10번씩 팔려갔습니다” 가족이라던 그들의 ‘두 얼굴’ [사건수첩]","https://n.news.naver.com/article/022/0004044546",""
"친구 사이라더니… 제주, 중국인 대상 불법 관광 영업 덜미","https://n.news.naver.com/article/022/0004044549",""
"“연봉 2억2000만원, 사택에 휴가비까지?”…여기가 진짜 ‘넘사벽’ 직장입니다","https://n.news.naver.com/article/022/0004044434",""
"김혜경 여사, 캐나다 동포들 만나 동포들이 저희보다 한국소식 더 잘 알더라…조국 걱정에 더 힘드셨을 것","https://n.news.naver.com/article/029/0002962062",""
"이 코인, 12시간 내 오른다…빗썸, `상승신호` 서비스 시작","https://n.news.naver.com/article/029/0002962096",""
"감정가 31억인데 낙찰가는 42억…경매도 심상찮다","https://n.news.naver.com/article/029/0002962077",""
"`앙숙` 친윤 조직통 만나 배신자 오해 풀었다…한동훈 전대 출마로?","https://n.news.naver.com/article/029/0002962083",""
"[100대 기업 보고서] 절반 이상 주가 청산가치 밑돌아…갈 길 먼 '밸류업' [넘버스]","https://n.news.naver.com/article/293/0000068678",""
"VIG파트너스, 코스닥 미용기기 업체 '비올' 인수…공개매수 후 자진상폐 추진","https://n.news.naver.com/article/293/0000068677",""
"[ESG 점검] 금호석화, 온실가스 감축 목표 달성…돋보인 '재활용률'","https://n.news.naver.com/article/293/0000068690",""
"[재계 해외자산 지도] 두산 하이엑시엄, 한미 수소 밸류체인 잇는 '핵심 고리'","https://n.news.naver.com/article/293/0000068687",""
"국힘 의원 김건희, 한때 국모였잖나. 얼마나 스트레스 받겠나","https://n.news.naver.com/article/002/0002393378",""
"초유의 '한덕수 교체 미수' 사건…정작 김문수는 후보 교체' 당무감사 부정적","https://n.news.naver.com/article/002/0002393488",""
"조국혁신당 이재명 피습 땐 특혜입원이라더니, 김건희 입원은 어떤가?","https://n.news.naver.com/article/002/0002393506",""
"박선원 재산 70억 주진우가 재산 2억 김민석 검증?…아들 7억 예금은 어디서 났나","https://n.news.naver.com/article/002/0002393489",""
"퇴근길에 만땅 채웠습니다…기름값 또 오를 걱정에","https://n.news.naver.com/article/665/0000005227",""
"로켓처럼 올리고 깃털처럼 내리는 가격: 기업 탐욕 인플레 재현인가","https://n.news.naver.com/article/665/0000005225",""
"인구 줄든 말든 지자체 예산은 더 늘어났다 [추적+]","https://n.news.naver.com/article/665/0000005228",""
"어른들이 만든 전자칠판 '복불복 입찰'이 침해한 아이들의 교육권","https://n.news.naver.com/article/665/0000005223",""
"석유 매장량 세계 3위 이란, 왜 ‘가짜 휘발유’를 국가가 허용하나","https://n.news.naver.com/article/023/0003911645",""
"서울 아파트 경매도 ‘불장’...감정가보다 높게 매각되는 아파트 급증","https://n.news.naver.com/article/023/0003911747",""
"공습 중 노부부 구하려… 맨몸으로 건물 뛰어든 이스라엘 남성","https://n.news.naver.com/article/023/0003911754",""
"장갑 낀 손으로 음식 나르고, 쓰레기 치우고… “더럽다” 공감 산 식당 풍경","https://n.news.naver.com/article/023/0003911757",""
"민주당 민생회복지원, 보편 지원 원칙… 취약계층은 추가 지원","https://n.news.naver.com/article/417/0001083754",""
"92개 그룹 고용 1년 새 3.3만명 증가… 삼성·현대차 늘고 SK·LG 줄어","https://n.news.naver.com/article/417/0001083813",""
"퍽 퍽 퍽… 은종, 남편 윤딴딴 '폭행 정황 영상' 폭로","https://n.news.naver.com/article/417/0001083815",""
"'여직원과 모텔' 수십년 불륜 즐긴 남편… 불치병 걸리자 간병해줘","https://n.news.naver.com/article/417/0001083697",""
"[속보]김민석 “노부부 투서 후 극단선택 사건, 정치검찰 음해”","https://n.news.naver.com/article/021/0002716764",""
"46년 신정체제 존립기로… 이란 ‘최후 항전’ 선포","https://n.news.naver.com/article/021/0002716872",""
"“김민석 전 부인 청문회 불러? 국힘 가족 건드려 참 비정” 전용기 의원의 말","https://n.news.naver.com/article/021/0002716794",""
"알몸 피해女는 정신과 다니는데…여·남탕 스티커 바꾼 20대 “장난이었다”","https://n.news.naver.com/article/021/0002716702",""
"영상 방출됐던 언론에 기회 주세요‥'콕' 찍더니 511일 만에","https://n.news.naver.com/article/214/0001430913",""
"김민석 '노부부 투서' 의혹, 정치 검찰의 음해 사건 반박","https://n.news.naver.com/article/214/0001430909",""
"캐나다 교민들 뜨거운 환영, 김혜경 대통령이 오실 자리인데‥ [현장영상]","https://n.news.naver.com/article/214/0001430880",""
"라벨 없는 생수병, 결제를 못 해요‥내년부터 의무화인데, 준비는?","https://n.news.naver.com/article/214/0001430772",""
"Lee Jae Myung calls Korea-Japan ‘inseparable’ in first talks with Ishiba","https://n.news.naver.com/article/640/0000072049",""
"Russia's security chief says North Korea will dispatch 6,000 troops for reconstruction","https://n.news.naver.com/article/640/0000072035",""
"In shift, president appears open to income-based 'livelihood support' stimulus","https://n.news.naver.com/article/640/0000072019",""
"Exclusive: Genesis to produce GV80 hybrid in Sept. 2026, signaling pivot as EVs lag","https://n.news.naver.com/article/640/0000072044",""
"당정 “1·2차 추경 35조원 근접...전국민 민생회복지원금 지급”","https://n.news.naver.com/article/028/0002751532",""
"대통령실, 북한 공병 러시아 파견에 우려할 일 즉각중단 촉구","https://n.news.naver.com/article/028/0002751558",""
"친윤 나경원 “김용태, 정당성 부족한 비대위원장”…개혁안 공개 반대","https://n.news.naver.com/article/028/0002751545",""
"[단독] 윤석열 부부, 국정원에 ‘공천 탈락’ 김상민 검사 자리 만들어줬나","https://n.news.naver.com/article/028/0002751503",""
"혈압 걱정되는데 나트륨 줄이기 힘들면...‘이것’ 풍부한 식품 더 먹어야","https://n.news.naver.com/article/296/0000090506",""
"“주방 놔두고 왜?” 베란다서 고기굽기…“민폐” vs “이사 가라” 갑론을박","https://n.news.naver.com/article/296/0000090499","https://mimgnews.pstatic.net/image/origin/022/2025/06/17/4044136.jpg?type=nf352_352"
"전효성 “‘이 음식’ 끊고 피부 좋아져”…염증 줄이는 효과있다고?","https://n.news.naver.com/article/296/0000090501","https://mimgnews.pstatic.net/image/origin/022/2025/06/17/4044127.jpg?type=nf352_352"
"“종아리 꽉 눌렀더니 너무 아프네”...그냥 넘기면 안 되는 증상들","https://n.news.naver.com/article/296/0000090504","https://mimgnews.pstatic.net/image/origin/022/2025/06/17/4044114.jpg?type=nf352_352"
"당정 민생지원금 모든 국민에게 보편 지원..자영업 채무 조정","https://n.news.naver.com/article/659/0000034165","https://mimgnews.pstatic.net/image/origin/031/2025/06/18/941126.jpg?type=nf352_352"
"김병기 尹 거리 활보...내란 세력 망동 계속돼","https://n.news.naver.com/article/659/0000034168","https://mimgnews.pstatic.net/image/origin/031/2025/06/18/941123.jpg?type=nf352_352"
"성매수 남성 400만 명 개인정보 판매한 일당.. 경찰 체포","https://n.news.naver.com/article/659/0000034176","https://mimgnews.pstatic.net/image/origin/031/2025/06/18/941094.jpg?type=nf352_352"
"군산 선유도해수욕장 내달 9일 개장","https://n.news.naver.com/article/659/0000034174","https://mimgnews.pstatic.net/image/origin/666/2025/06/18/75849.jpg?type=nf352_352"
"김건희 특검, 서울고검장·중앙지검장·남부지검장 면담","https://n.news.naver.com/article/088/0000954028","https://mimgnews.pstatic.net/image/origin/666/2025/06/17/75762.jpg?type=nf352_352"
"대통령실, 北공병 러시아 파견에 우려할 일…지지안해","https://n.news.naver.com/article/088/0000954013","https://mimgnews.pstatic.net/image/origin/666/2025/06/17/75725.jpg?type=nf352_352"
"김혜경, 캐나다 교민에 '폴더 인사'…조국 걱정에 힘드셨죠","https://n.news.naver.com/article/088/0000954026","https://mimgnews.pstatic.net/image/origin/057/2025/06/16/1891706.jpg?type=nf352_352"
"서정욱 김건희 여사 고의 입원 아냐…특검 출범 잘 됐다고 해","https://n.news.naver.com/article/088/0000954024","https://mimgnews.pstatic.net/image/origin/057/2025/06/16/1891579.jpg?type=nf352_352"
"[속보] 민중기 김건희 특검, 오늘 서울고검장 면담 예정","https://n.news.naver.com/article/052/0002207255","https://mimgnews.pstatic.net/image/origin/057/2025/06/16/1891575.jpg?type=nf352_352"
"당정 전 국민 지원금, 취약계층 추가 지원...여야, 김민석 신경전","https://n.news.naver.com/article/052/0002207253","https://mimgnews.pstatic.net/image/origin/087/2025/06/18/1123756.jpg?type=nf352_352"
"이 대통령, 이시바 총리와 정상회담...G7 공식행사 참석","https://n.news.naver.com/article/052/0002207170","https://mimgnews.pstatic.net/image/origin/087/2025/06/18/1123749.jpg?type=nf352_352"
"'확전 우려' 코스피 하락 후 상승...환율 1370원대","https://n.news.naver.com/article/052/0002207217","https://mimgnews.pstatic.net/image/origin/087/2025/06/16/1123314.jpg?type=nf352_352"
"성매수 남성 400만명 횟수·특징 등 신상 담겼다…업주들에게 개인정보 판매한 일당 체포","https://n.news.naver.com/article/032/0003376934","https://mimgnews.pstatic.net/image/origin/030/2025/06/17/3322399.jpg?type=nf352_352"
"“이란, 중동 미군기지 타격 준비···후티·이라크 민병대 등 확전 가능성”","https://n.news.naver.com/article/032/0003376939","https://mimgnews.pstatic.net/image/origin/030/2025/06/17/3322325.jpg?type=nf352_352"
"튕긴 담배꽁초 불씨로 36개 상가 화재 피해…법원, 벌금 1000만원","https://n.news.naver.com/article/032/0003376936","https://mimgnews.pstatic.net/image/origin/030/2025/06/16/3321933.jpg?type=nf352_352"
"[속보]대통령실 “민주 한국 돌아왔다는 메시지 각인···정상들 높게 평가”","https://n.news.naver.com/article/032/0003376929","https://mimgnews.pstatic.net/image/origin/028/2025/06/18/2751509.jpg?type=nf352_352"
"트럼프 “이란 지도자 어디 숨었는지 '정확히' 알아” 사살 가능성 시사","https://n.news.naver.com/article/030/0003322826","https://mimgnews.pstatic.net/image/origin/028/2025/06/17/2751484.jpg?type=nf352_352"
"교체 위협에 AI가 개발자 협박… “불륜사실 폭로하겠다”","https://n.news.naver.com/article/030/0003322707","https://mimgnews.pstatic.net/image/origin/028/2025/06/17/2751483.jpg?type=nf352_352"
"李대통령, 브라질·멕시코·인도 정상과 회담...“기후·경제협력 강화 논의”","https://n.news.naver.com/article/030/0003322717","https://mimgnews.pstatic.net/image/origin/015/2025/06/17/5145896.jpg?type=nf352_352"
"68억짜리 美 영주권… '트럼프 골드카드'에 7만명 몰렸다","https://n.news.naver.com/article/030/0003322656","https://mimgnews.pstatic.net/image/origin/015/2025/06/17/5145431.jpg?type=nf352_352"
"광주 첫 복합쇼핑몰 '더현대 광주' 건축허가 승인..2027년 개점 목표","https://n.news.naver.com/article/660/0000087427","https://mimgnews.pstatic.net/image/origin/015/2025/06/17/5145390.jpg?type=nf352_352"
"전한길 6·3 대선 부정선거 증거 가져오면 10억 원 준다","https://n.news.naver.com/article/660/0000087416","https://mimgnews.pstatic.net/image/origin/018/2025/06/17/6042104.jpg?type=nf352_352"
"안에선 드시면 안 돼요..편의점 점주에 음료수 뿌리며 난동 피운 40대","https://n.news.naver.com/article/660/0000087423","https://mimgnews.pstatic.net/image/origin/018/2025/06/17/6041903.jpg?type=nf352_352"
"군산 농장서 개 사체 120여 마리 발견..경찰 수사 중","https://n.news.naver.com/article/660/0000087377","https://mimgnews.pstatic.net/image/origin/018/2025/06/17/6041720.jpg?type=nf352_352"
"[단독] 칼 빼든 현대차, 울산공장 직원 약 390명 대규모 징계","https://n.news.naver.com/article/243/0000079741","https://mimgnews.pstatic.net/image/origin/119/2025/06/17/2969015.jpg?type=nf352_352"
"내 스타일 아니라더니...추영우·노윤서 푹 빠졌다","https://n.news.naver.com/article/243/0000079749","https://mimgnews.pstatic.net/image/origin/119/2025/06/17/2969005.jpg?type=nf352_352"
"가상화폐 투자 '횡령 혐의' 황정음, 43억원 어떻게 갚았나","https://n.news.naver.com/article/243/0000079764","https://mimgnews.pstatic.net/image/origin/119/2025/06/17/2968975.jpg?type=nf352_352"
"이재명 대통령, 英 스타머 총리와 첫 정상회담…FTA 개정·국방 협력 확대 공감","https://n.news.naver.com/article/243/0000079772","https://mimgnews.pstatic.net/image/origin/658/2025/06/17/110610.jpg?type=nf352_352"
"왕복 10시간 이동 자체가 형벌 文, 뇌물 혐의 사건 울산 이송 요청.. 법원 거부","https://n.news.naver.com/article/661/0000056924","https://mimgnews.pstatic.net/image/origin/658/2025/06/17/110585.jpg?type=nf352_352"
"주춤했던 일회용컵 보증금제.. 이재명 정부 출범에 탄력 받을까","https://n.news.naver.com/article/661/0000056935","https://mimgnews.pstatic.net/image/origin/658/2025/06/16/110564.jpg?type=nf352_352"
"“1분에 2,630명”.. 한라산 ‘백록샘’, 첫 개방에 터진 예약 대란","https://n.news.naver.com/article/661/0000056921","https://mimgnews.pstatic.net/image/origin/366/2025/06/18/1086188.jpg?type=nf352_352"
"[단독] 제주 낚싯배 덮친 수천 마리 잠자리 떼.. 왜 이 시기에? [영상]","https://n.news.naver.com/article/661/0000056922","https://mimgnews.pstatic.net/image/origin/366/2025/06/18/1086176.jpg?type=nf352_352"
"G7 정상회의서 첫 외교무대 데뷔한 李대통령의 강점은?","https://n.news.naver.com/article/014/0005364846","https://mimgnews.pstatic.net/image/origin/366/2025/06/18/1086134.jpg?type=nf352_352"
"상장 건설사 부채비율 200% 넘었다...건설사 재무건전성 '적신호'","https://n.news.naver.com/article/014/0005364831","https://mimgnews.pstatic.net/image/origin/047/2025/06/18/2477712.jpg?type=nf352_352"
"'마약투약 혐의' 이철규 의원 아들 부부, 첫 재판 14분 만에 종료","https://n.news.naver.com/article/014/0005364844","https://mimgnews.pstatic.net/image/origin/047/2025/06/18/2477705.jpg?type=nf352_352"
"곱창집 여직원이 ‘섹시댄스’ 서비스...어떤 춤이길래 누리꾼 '갑론을박' [영상]","https://n.news.naver.com/article/014/0005364787","https://mimgnews.pstatic.net/image/origin/047/2025/06/18/2477692.jpg?type=nf352_352"
"국민의힘 김민석 '10대 결격 사유' 있어…총리 자진 사퇴하라","https://n.news.naver.com/article/119/0002969223","https://mimgnews.pstatic.net/image/origin/050/2025/06/18/92352.jpg?type=nf352_352"
"김혜경 여사, 캐나다서 '영부인 외교'…국제무대 데뷔 합격점","https://n.news.naver.com/article/119/0002969147","https://mimgnews.pstatic.net/image/origin/050/2025/06/17/92332.jpg?type=nf352_352"
"이란 이스라엘에 자비 없어…수세기 동안 기억할 일 있을 것","https://n.news.naver.com/article/119/0002969229","https://mimgnews.pstatic.net/image/origin/050/2025/06/17/92320.jpg?type=nf352_352"
"경고에도 “이재명 당선” 전광판 또 내건 치킨집...본사 조치는?","https://n.news.naver.com/article/119/0002969085","https://mimgnews.pstatic.net/image/origin/119/2025/06/18/2969035.jpg?type=nf352_352"
"집값 잡는다…세금 대신 규제 카드 '만지작'","https://n.news.naver.com/article/215/0001213141","https://mimgnews.pstatic.net/image/origin/119/2025/06/17/2968958.jpg?type=nf352_352"
"집값 때문에 자칫 또…앞으로 2달 남았다","https://n.news.naver.com/article/215/0001213083","https://mimgnews.pstatic.net/image/origin/119/2025/06/17/2968940.jpg?type=nf352_352"
"아마존 CEO가 뭐라 했길래…'화들짝'","https://n.news.naver.com/article/215/0001213106","https://mimgnews.pstatic.net/image/origin/016/2025/06/18/2486313.jpg?type=nf352_352"
"코스피, 랠리 '재개'…네이버 '불기둥'","https://n.news.naver.com/article/215/0001213120","https://mimgnews.pstatic.net/image/origin/016/2025/06/17/2486248.jpg?type=nf352_352"
"대통령실 한국 정상외교 '복원'…李대통령, 특유의 친화력 발휘","https://n.news.naver.com/article/031/0000941165","https://mimgnews.pstatic.net/image/origin/016/2025/06/17/2486140.jpg?type=nf352_352"
"부동산 '불장' 조짐…부동산 대책 언제 내놓을까","https://n.news.naver.com/article/031/0000941057","https://mimgnews.pstatic.net/image/origin/020/2025/06/17/3641974.jpg?type=nf352_352"
"SKT 침해사고 악용한 피싱 시도 확인⋯이용자 주의 당부","https://n.news.naver.com/article/031/0000941143","https://mimgnews.pstatic.net/image/origin/020/2025/06/17/3641754.jpg?type=nf352_352"
"인도의 억만장자 급사…원인은 운동 중 날아온 '이것' 삼켜서","https://n.news.naver.com/article/031/0000941128","https://mimgnews.pstatic.net/image/origin/029/2025/06/17/2961802.jpg?type=nf352_352"
"북한 러시아 추가 파병에…대통령실 “우려할 일, 지지하지 않아”","https://n.news.naver.com/article/056/0011972072","https://mimgnews.pstatic.net/image/origin/029/2025/06/16/2961672.jpg?type=nf352_352"
"취임 14일만 첫 한일 정상회담…“한미일 공조·셔틀외교 재개”","https://n.news.naver.com/article/056/0011972158","https://mimgnews.pstatic.net/image/origin/029/2025/06/16/2961605.jpg?type=nf352_352"
"김민석, 노부부 투서 의혹에 “정치검찰·지라시 협잡” 강력반박","https://n.news.naver.com/article/056/0011972136","https://mimgnews.pstatic.net/image/origin/003/2025/06/17/13307482.jpg?type=nf352_352"
"“성매수남 개인정보 400만 개 수집”…경찰, 불법 앱 운영 일당 검거","https://n.news.naver.com/article/056/0011971994","https://mimgnews.pstatic.net/image/origin/003/2025/06/17/13307382.jpg?type=nf352_352"
"이란 최고지도자 이스라엘에 자비 없다…전투 시작됐다","https://n.news.naver.com/article/055/0001267516","https://mimgnews.pstatic.net/image/origin/003/2025/06/17/13306998.jpg?type=nf352_352"
"한국 먼저 일본 먼저 웃다가…가깝고도 먼 이웃 뼈 섞인 말까지 [현장영상]","https://n.news.naver.com/article/055/0001267498","https://mimgnews.pstatic.net/image/origin/079/2025/06/18/4035975.jpg?type=nf352_352"
"유방암입니다 가슴 절개했는데…알고 보니","https://n.news.naver.com/article/055/0001267443","https://mimgnews.pstatic.net/image/origin/079/2025/06/18/4035943.jpg?type=nf352_352"
"못 봤다 도로 누워있던 남성 위로 '쾅'…결국 사망","https://n.news.naver.com/article/055/0001267461","https://mimgnews.pstatic.net/image/origin/079/2025/06/18/4035918.jpg?type=nf352_352"
"G7 일정 마친 이재명 대통령···국익기초 실용외교 첫걸음 성과","https://n.news.naver.com/article/008/0005209135","https://mimgnews.pstatic.net/image/origin/022/2025/06/17/4044402.jpg?type=nf352_352"
"트럼프 '항복' 요구에 하메네이 전투 시작…초음속 미사일 발사","https://n.news.naver.com/article/008/0005209122","https://mimgnews.pstatic.net/image/origin/022/2025/06/10/4042460.jpg?type=nf352_352"
"성매수 남성 정보 넘겨요 400만 건 팔았다…46억원 챙긴 일당","https://n.news.naver.com/article/008/0005209129","https://mimgnews.pstatic.net/image/origin/022/2025/05/28/4038959.jpg?type=nf352_352"
"내 명의잖아 부부싸움 끝에 아내 차량 견인…40대 남편의 최후","https://n.news.naver.com/article/008/0005208981","https://mimgnews.pstatic.net/image/origin/448/2025/06/18/535835.jpg?type=nf352_352"
"“지분 다오” 콜마 윤동한 회장, 남매분쟁이 부자간 분쟁으로 번진 까닭은","https://n.news.naver.com/article/050/0000092356","https://mimgnews.pstatic.net/image/origin/448/2025/06/18/535831.jpg?type=nf352_352"
"초콜릿 가격 오르자, 하리보 젤리 ‘불티’","https://n.news.naver.com/article/050/0000092357","https://mimgnews.pstatic.net/image/origin/047/2025/06/18/2477694.jpg?type=nf352_352"
"“경제 기여액 1600조원 돌파” 삼성·현대·기아 ‘빅3’ 존재감 뚜렷","https://n.news.naver.com/article/050/0000092346","https://mimgnews.pstatic.net/image/origin/047/2025/06/15/2477379.jpg?type=nf352_352"
"“코로나보다 더 심각” 추경에 소상공인 채무조정 반영","https://n.news.naver.com/article/050/0000092345","https://mimgnews.pstatic.net/image/origin/047/2025/06/08/2476534.jpg?type=nf352_352"
"대통령실 이 대통령, 무너진 정상외교 복원…국익 최우선할 것","https://n.news.naver.com/article/437/0000445078","https://mimgnews.pstatic.net/image/origin/021/2025/06/18/2716684.jpg?type=nf352_352"
"김건희 특검보 국민적 관심 엄중 인식…정치적 고려 없이 공정 수사","https://n.news.naver.com/article/437/0000445080","https://mimgnews.pstatic.net/image/origin/021/2025/06/17/2716661.jpg?type=nf352_352"
"2005년생 아들 7억 예금은? 민주 '주진우 재산 의혹' 역공 [현장영상]","https://n.news.naver.com/article/437/0000445081","https://mimgnews.pstatic.net/image/origin/021/2025/06/16/2716299.jpg?type=nf352_352"
"[돌비뉴스] 갑자기 정청래 비난 글 떠돈다…'찐명' 대결인데도 '우려' 왜?","https://n.news.naver.com/article/437/0000445017","https://mimgnews.pstatic.net/image/origin/648/2025/06/18/37076.jpg?type=nf352_352"
"[단독]'계엄 피해' 소상공인 최대 200만원 손실보상 검토","https://n.news.naver.com/article/003/0013310118","https://mimgnews.pstatic.net/image/origin/648/2025/06/18/37075.jpg?type=nf352_352"
"김용태 김민석, 청문회 대상 아니라 수사대상…지명 철회돼야","https://n.news.naver.com/article/003/0013310290","https://mimgnews.pstatic.net/image/origin/648/2025/06/18/37074.jpg?type=nf352_352"
